team,player,matches
Chennai Super Kings,MS Dhoni,215
Chennai Super Kings,RA Jadeja,183
Chennai Super Kings,SK Raina,171
Chennai Super Kings,DJ Bravo,115
Chennai Super Kings,R Ashwin,103
Chennai Super Kings,F du Plessis,86
Chennai Super Kings,AT Rayudu,80
Chennai Super Kings,JA Morkel,77
Chennai Super Kings,DL Chahar,76
Chennai Super Kings,M Vijay,70
Chennai Super Kings,RD Gaikwad,70
Chennai Super Kings,S Badrinath,67
Chennai Super Kings,SN Thakur,56
Chennai Super Kings,S Dube,53
Chennai Super Kings,MEK Hussey,49
Chennai Super Kings,SB Jakati,49
Chennai Super Kings,MM Sharma,48
Chennai Super Kings,MM Ali,45
Chennai Super Kings,SR Watson,43
Chennai Super Kings,M Muralitharan,40
Chennai Super Kings,DR Smith,32
Chennai Super Kings,M Pathirana,32
Chennai Super Kings,ML Hayden,32
Chennai Super Kings,TU Deshpande,31
Chennai Super Kings,L Balaji,29
Chennai Super Kings,BB McCullum,28
Chennai Super Kings,DP Conway,28
Chennai Super Kings,SM Curran,28
Chennai Super Kings,DE Bollinger,27
Chennai Super Kings,Imran Tahir,27
Chennai Super Kings,M Theekshana,27
Chennai Super Kings,MS Gony,26
Chennai Super Kings,PA Patel,26
Chennai Super Kings,Harbhajan Singh,24
Chennai Super Kings,AM Rahane,23
Chennai Super Kings,IC Pandey,22
Chennai Super Kings,A Nehra,20
Chennai Super Kings,KM Jadhav,18
Chennai Super Kings,MJ Santner,18
Chennai Super Kings,R Ravindra,18
Chennai Super Kings,BW Hilfenhaus,17
Chennai Super Kings,CH Morris,16
Chennai Super Kings,Joginder Sharma,16
Chennai Super Kings,Mukesh Choudhary,16
Chennai Super Kings,RV Uthappa,15
Chennai Super Kings,KK Ahmed,14
Chennai Super Kings,L Ngidi,14
Chennai Super Kings,Noor Ahmad,14
Chennai Super Kings,S Tyagi,14
Chennai Super Kings,DJ Mitchell,13
Chennai Super Kings,JDP Oram,12
Chennai Super Kings,JR Hazlewood,12
Chennai Super Kings,P Negi,12
Chennai Super Kings,S Anirudha,12
Chennai Super Kings,KV Sharma,11
Chennai Super Kings,SP Fleming,10
Chennai Super Kings,Simarjeet Singh,10
Chennai Super Kings,M Ntini,9
Chennai Super Kings,Mustafizur Rahman,9
Chennai Super Kings,SW Billings,9
Chennai Super Kings,A Kamboj,8
Chennai Super Kings,S Randiv,8
Chennai Super Kings,S Vidyut,8
Chennai Super Kings,A Mhatre,7
Chennai Super Kings,D Pretorius,7
Chennai Super Kings,PP Chawla,7
Chennai Super Kings,WP Saha,7
Chennai Super Kings,Akash Singh,6
Chennai Super Kings,D Brevis,6
Chennai Super Kings,DJ Hooda,6
Chennai Super Kings,JO Holder,6
Chennai Super Kings,P Amarnath,6
Chennai Super Kings,T Thushara,6
Chennai Super Kings,V Shankar,6
Chennai Super Kings,DP Nannes,5
Chennai Super Kings,JM Kemp,5
Chennai Super Kings,KMDN Kulasekara,5
Chennai Super Kings,M Manhas,5
Chennai Super Kings,RA Tripathi,5
Chennai Super Kings,SK Rasheed,5
Chennai Super Kings,Sameer Rizvi,5
Chennai Super Kings,TG Southee,5
Chennai Super Kings,CJ Jordan,4
Chennai Super Kings,CK Kapugedera,4
Chennai Super Kings,DJ Hussey,4
Chennai Super Kings,N Jagadeesan,4
Chennai Super Kings,S Badree,4
Chennai Super Kings,VY Mahesh,4
Chennai Super Kings,A Flintoff,3
Chennai Super Kings,DJ Willey,3
Chennai Super Kings,GJ Bailey,3
Chennai Super Kings,J Overton,3
Chennai Super Kings,KM Asif,3
Chennai Super Kings,Urvil Patel,3
Chennai Super Kings,AS Rajpoot,2
Chennai Super Kings,B Laughlin,2
Chennai Super Kings,BA Stokes,2
Chennai Super Kings,DR Shorey,2
Chennai Super Kings,PH Solanki,2
Chennai Super Kings,RG More,2
Chennai Super Kings,RJ Gleeson,2
Chennai Super Kings,RS Hangargekar,2
Chennai Super Kings,SB Styris,2
Chennai Super Kings,SC Kuggeleijn,2
Chennai Super Kings,SSB Magala,2
Chennai Super Kings,A Mukund,1
Chennai Super Kings,AF Milne,1
Chennai Super Kings,C Ganapathy,1
Chennai Super Kings,JW Hastings,1
Chennai Super Kings,KB Arun Karthik,1
Chennai Super Kings,MA Wood,1
Chennai Super Kings,Monu Kumar,1
Chennai Super Kings,NLTC Perera,1
Chennai Super Kings,NT Ellis,1
Deccan Chargers,PP Ojha,53
Deccan Chargers,AC Gilchrist,46
Deccan Chargers,RG Sharma,44
Deccan Chargers,RP Singh,42
Deccan Chargers,HH Gibbs,33
Deccan Chargers,S Dhawan,29
Deccan Chargers,Y Venugopal Rao,29
Deccan Chargers,A Mishra,28
Deccan Chargers,A Symonds,27
Deccan Chargers,TL Suman,26
Deccan Chargers,KC Sangakkara,25
Deccan Chargers,DW Steyn,24
Deccan Chargers,DB Ravi Teja,23
Deccan Chargers,DT Christian,21
Deccan Chargers,CL White,19
Deccan Chargers,JP Duminy,19
Deccan Chargers,B Chipli,17
Deccan Chargers,Harmeet Singh,17
Deccan Chargers,VVS Laxman,17
Deccan Chargers,RJ Harris,16
Deccan Chargers,PA Patel,13
Deccan Chargers,WPUJC Vaas,13
Deccan Chargers,I Sharma,12
Deccan Chargers,DR Smith,11
Deccan Chargers,MD Mishra,11
Deccan Chargers,S Sohal,10
Deccan Chargers,SB Styris,10
Deccan Chargers,Shahid Afridi,10
Deccan Chargers,A Ashish Reddy,9
Deccan Chargers,Ankit Sharma,9
Deccan Chargers,DP Vijaykumar,9
Deccan Chargers,MS Gony,9
Deccan Chargers,SB Bangar,9
Deccan Chargers,V Pratap Singh,9
Deccan Chargers,Jaskaran Singh,8
Deccan Chargers,AA Bilakhia,7
Deccan Chargers,Shoaib Ahmed,7
Deccan Chargers,AS Yadav,6
Deccan Chargers,Anand Rajan,6
Deccan Chargers,FH Edwards,6
Deccan Chargers,R Sharma,6
Deccan Chargers,IR Jaggi,5
Deccan Chargers,AA Jhunjhunwala,4
Deccan Chargers,Anirudh Singh,4
Deccan Chargers,B Sumanth,4
Deccan Chargers,DJ Harris,4
Deccan Chargers,PA Reddy,4
Deccan Chargers,D Kalyankrishna,3
Deccan Chargers,DNT Zoysa,3
Deccan Chargers,LPC Silva,3
Deccan Chargers,MR Marsh,3
Deccan Chargers,TP Sudhindra,3
Deccan Chargers,J Theron,2
Deccan Chargers,KAJ Roach,2
Deccan Chargers,PM Sarvesh Kumar,2
Deccan Chargers,BB Samantray,1
Deccan Chargers,CA Lynn,1
Deccan Chargers,H Das,1
Deccan Chargers,I Malhotra,1
Deccan Chargers,MJ Lumb,1
Delhi Capitals,RR Pant,110
Delhi Capitals,A Mishra,99
Delhi Capitals,AR Patel,95
Delhi Capitals,DA Warner,89
Delhi Capitals,SS Iyer,87
Delhi Capitals,PP Shaw,79
Delhi Capitals,V Sehwag,79
Delhi Capitals,S Dhawan,63
Delhi Capitals,S Nadeem,60
Delhi Capitals,Kuldeep Yadav,53
Delhi Capitals,K Rabada,50
Delhi Capitals,KD Karthik,49
Delhi Capitals,A Nortje,46
Delhi Capitals,UT Yadav,46
Delhi Capitals,IK Pathan,45
Delhi Capitals,G Gambhir,44
Delhi Capitals,JP Duminy,37
Delhi Capitals,KM Jadhav,37
Delhi Capitals,M Morkel,37
Delhi Capitals,CH Morris,34
Delhi Capitals,I Sharma,34
Delhi Capitals,KK Ahmed,33
Delhi Capitals,KK Nair,33
Delhi Capitals,NV Ojha,33
Delhi Capitals,Mohammed Shami,32
Delhi Capitals,Mukesh Kumar,32
Delhi Capitals,DPMD Jayawardene,30
Delhi Capitals,Z Khan,30
Delhi Capitals,Abishek Porel,29
Delhi Capitals,PJ Sangwan,28
Delhi Capitals,R Ashwin,28
Delhi Capitals,SV Samson,28
Delhi Capitals,A Nehra,27
Delhi Capitals,MP Stoinis,27
Delhi Capitals,T Stubbs,27
Delhi Capitals,AB de Villiers,26
Delhi Capitals,TM Dilshan,26
Delhi Capitals,Lalit Yadav,25
Delhi Capitals,Avesh Khan,24
Delhi Capitals,SO Hetmyer,24
Delhi Capitals,Q de Kock,23
Delhi Capitals,DP Nannes,22
Delhi Capitals,R Bhatia,22
Delhi Capitals,MA Agarwal,21
Delhi Capitals,MR Marsh,21
Delhi Capitals,Y Venugopal Rao,21
Delhi Capitals,Imran Tahir,20
Delhi Capitals,MF Maharoof,20
Delhi Capitals,Y Nagar,20
Delhi Capitals,KP Pietersen,19
Delhi Capitals,MK Tiwary,19
Delhi Capitals,TA Boult,19
Delhi Capitals,LRPL Taylor,16
Delhi Capitals,NM Coulter-Nile,16
Delhi Capitals,AB Agarkar,15
Delhi Capitals,CA Ingram,15
Delhi Capitals,J Fraser-McGurk,15
Delhi Capitals,P Negi,15
Delhi Capitals,R Powell,15
Delhi Capitals,GD McGrath,14
Delhi Capitals,GJ Maxwell,14
Delhi Capitals,M Manhas,14
Delhi Capitals,SN Thakur,14
Delhi Capitals,V Nigam,14
Delhi Capitals,AD Mathews,13
Delhi Capitals,KL Rahul,13
Delhi Capitals,Mustafizur Rahman,13
Delhi Capitals,UBT Chand,13
Delhi Capitals,VY Mahesh,13
Delhi Capitals,Yuvraj Singh,13
Delhi Capitals,DL Vettori,12
Delhi Capitals,HV Patel,12
Delhi Capitals,MA Starc,12
Delhi Capitals,PJ Cummins,12
Delhi Capitals,R Tewatia,12
Delhi Capitals,CJ Anderson,11
Delhi Capitals,M Vijay,11
Delhi Capitals,S Kaul,11
Delhi Capitals,V Shankar,11
Delhi Capitals,VR Aaron,11
Delhi Capitals,CR Brathwaite,10
Delhi Capitals,J Yadav,10
Delhi Capitals,JD Unadkat,10
Delhi Capitals,RE van der Merwe,10
Delhi Capitals,SW Billings,10
Delhi Capitals,AM Rahane,9
Delhi Capitals,Aman Hakim Khan,9
Delhi Capitals,Ashutosh Sharma,9
Delhi Capitals,C Munro,9
Delhi Capitals,F du Plessis,9
Delhi Capitals,JR Hopes,9
Delhi Capitals,MK Pandey,9
Delhi Capitals,MM Sharma,9
Delhi Capitals,PD Salt,9
Delhi Capitals,RR Rossouw,9
Delhi Capitals,S Lamichhane,9
Delhi Capitals,SD Hope,9
Delhi Capitals,SN Khan,9
Delhi Capitals,AJ Finch,8
Delhi Capitals,BJ Rohrer,8
Delhi Capitals,KMA Paul,8
Delhi Capitals,Mohammad Asif,8
Delhi Capitals,Rasikh Salam,8
Delhi Capitals,WD Parnell,8
Delhi Capitals,AD Russell,7
Delhi Capitals,AM Salvi,7
Delhi Capitals,LE Plunkett,7
Delhi Capitals,MC Juneja,7
Delhi Capitals,PD Collingwood,7
Delhi Capitals,RV Patel,7
Delhi Capitals,SE Rutherford,7
Delhi Capitals,SPD Smith,7
Delhi Capitals,AB McDonald,6
Delhi Capitals,DJ Muthuswami,6
Delhi Capitals,J Botha,6
Delhi Capitals,PVD Chameera,6
Delhi Capitals,SS Tiwary,6
Delhi Capitals,Shoaib Malik,6
Delhi Capitals,AB Dinda,5
Delhi Capitals,C Sakariya,5
Delhi Capitals,JJ Roy,5
Delhi Capitals,LR Shukla,5
Delhi Capitals,MN Samuels,5
Delhi Capitals,S Ladda,5
Delhi Capitals,TR Birt,5
Delhi Capitals,TU Deshpande,5
Delhi Capitals,CM Gautam,4
Delhi Capitals,DT Christian,4
Delhi Capitals,JA Morkel,4
Delhi Capitals,JDS Neesham,4
Delhi Capitals,P Dubey,4
Delhi Capitals,Sameer Rizvi,4
Delhi Capitals,AP Tare,3
Delhi Capitals,AT Carey,3
Delhi Capitals,Abhishek Sharma,3
Delhi Capitals,BMAJ Mendis,3
Delhi Capitals,CR Woakes,3
Delhi Capitals,DR Sams,3
Delhi Capitals,Kumar Kushagra,3
Delhi Capitals,MS Wade,3
Delhi Capitals,Mandeep Singh,3
Delhi Capitals,R Shukla,3
Delhi Capitals,Sumit Kumar,3
Delhi Capitals,TK Curran,3
Delhi Capitals,YV Dhull,3
Delhi Capitals,B Geeves,2
Delhi Capitals,GH Vihari,2
Delhi Capitals,GS Sandhu,2
Delhi Capitals,Gulbadin Naib,2
Delhi Capitals,KS Bharat,2
Delhi Capitals,LB Williams,2
Delhi Capitals,M Tiwari,2
Delhi Capitals,PK Garg,2
Delhi Capitals,R Sharma,2
Delhi Capitals,RK Bhui,2
Delhi Capitals,T Natarajan,2
Delhi Capitals,TL Seifert,2
Delhi Capitals,AR Bawne,1
Delhi Capitals,B Chipli,1
Delhi Capitals,CJ Dala,1
Delhi Capitals,D Ferreira,1
Delhi Capitals,DAJ Bracewell,1
Delhi Capitals,J Suchith,1
Delhi Capitals,JA Richardson,1
Delhi Capitals,KL Nagarkoti,1
Delhi Capitals,LI Meriwala,1
Delhi Capitals,MC Henriques,1
Delhi Capitals,S Sriram,1
Delhi Capitals,Sediqullah Atal,1
Delhi Capitals,Sunny Gupta,1
Gujarat Lions,SK Raina,29
Gujarat Lions,KD Karthik,28
Gujarat Lions,BB McCullum,27
Gujarat Lions,RA Jadeja,27
Gujarat Lions,AJ Finch,25
Gujarat Lions,DR Smith,24
Gujarat Lions,P Kumar,22
Gujarat Lions,DS Kulkarni,20
Gujarat Lions,DJ Bravo,15
Gujarat Lions,Ishan Kishan,15
Gujarat Lions,JP Faulkner,15
Gujarat Lions,Basil Thampi,12
Gujarat Lions,S Kaushik,10
Gujarat Lions,SB Jakati,8
Gujarat Lions,PJ Sangwan,7
Gujarat Lions,PV Tambe,7
Gujarat Lions,AJ Tye,6
Gujarat Lions,Ankit Soni,6
Gujarat Lions,AD Nath,4
Gujarat Lions,JJ Roy,3
Gujarat Lions,ER Dwivedi,2
Gujarat Lions,MM Patel,2
Gujarat Lions,NB Singh,2
Gujarat Lions,DW Steyn,1
Gujarat Lions,IK Pathan,1
Gujarat Lions,MS Gony,1
Gujarat Lions,S Ladda,1
Gujarat Lions,SS Agarwal,1
Gujarat Lions,Tejas Baroka,1
Gujarat Titans,Rashid Khan,60
Gujarat Titans,Shubman Gill,60
Gujarat Titans,R Tewatia,44
Gujarat Titans,B Sai Sudharsan,40
Gujarat Titans,DA Miller,38
Gujarat Titans,WP Saha,37
Gujarat Titans,Mohammed Shami,33
Gujarat Titans,HH Pandya,30
Gujarat Titans,MM Sharma,26
Gujarat Titans,R Sai Kishore,25
Gujarat Titans,Noor Ahmad,23
Gujarat Titans,V Shankar,21
Gujarat Titans,M Shahrukh Khan,18
Gujarat Titans,AS Joseph,16
Gujarat Titans,A Manohar,15
Gujarat Titans,M Prasidh Krishna,15
Gujarat Titans,Mohammed Siraj,15
Gujarat Titans,Yash Dayal,14
Gujarat Titans,JC Buttler,13
Gujarat Titans,LH Ferguson,13
Gujarat Titans,J Little,11
Gujarat Titans,MS Wade,11
Gujarat Titans,SE Rutherford,11
Gujarat Titans,Arshad Khan,9
Gujarat Titans,Azmatullah Omarzai,7
Gujarat Titans,I Sharma,7
Gujarat Titans,UT Yadav,7
Gujarat Titans,DG Nalkande,6
Gujarat Titans,Washington Sundar,6
Gujarat Titans,S Sandeep Warrier,5
Gujarat Titans,SH Johnson,5
Gujarat Titans,G Coetzee,4
Gujarat Titans,K Rabada,4
Gujarat Titans,MD Shanaka,3
Gujarat Titans,PJ Sangwan,3
Gujarat Titans,KS Williamson,2
Gujarat Titans,VR Aaron,2
Gujarat Titans,BKG Mendis,1
Gujarat Titans,BR Sharath,1
Gujarat Titans,J Yadav,1
Gujarat Titans,K Khejroliya,1
Gujarat Titans,Karim Janat,1
Gujarat Titans,Kartik Tyagi,1
Gujarat Titans,MJ Suthar,1
Kochi Tuskers Kerala,BJ Hodge,14
Kochi Tuskers Kerala,RA Jadeja,14
Kochi Tuskers Kerala,RP Singh,14
Kochi Tuskers Kerala,BB McCullum,13
Kochi Tuskers Kerala,DPMD Jayawardene,13
Kochi Tuskers Kerala,PA Patel,13
Kochi Tuskers Kerala,R Vinay Kumar,13
Kochi Tuskers Kerala,RV Gomez,11
Kochi Tuskers Kerala,S Sreesanth,9
Kochi Tuskers Kerala,M Muralitharan,5
Kochi Tuskers Kerala,P Parameswaran,5
Kochi Tuskers Kerala,RR Powar,5
Kochi Tuskers Kerala,KM Jadhav,4
Kochi Tuskers Kerala,M Klinger,4
Kochi Tuskers Kerala,NLTC Perera,4
Kochi Tuskers Kerala,VVS Laxman,3
Kochi Tuskers Kerala,OA Shah,2
Kochi Tuskers Kerala,Y Gnaneswara Rao,2
Kochi Tuskers Kerala,B Akhil,1
Kochi Tuskers Kerala,P Prasanth,1
Kolkata Knight Riders,SP Narine,188
Kolkata Knight Riders,AD Russell,127
Kolkata Knight Riders,G Gambhir,108
Kolkata Knight Riders,YK Pathan,98
Kolkata Knight Riders,N Rana,87
Kolkata Knight Riders,RV Uthappa,84
Kolkata Knight Riders,CV Varun,82
Kolkata Knight Riders,PP Chawla,70
Kolkata Knight Riders,UT Yadav,67
Kolkata Knight Riders,KD Karthik,58
Kolkata Knight Riders,JH Kallis,56
Kolkata Knight Riders,MK Pandey,56
Kolkata Knight Riders,VR Iyer,56
Kolkata Knight Riders,Shubman Gill,55
Kolkata Knight Riders,EJG Morgan,52
Kolkata Knight Riders,RK Singh,51
Kolkata Knight Riders,Shakib Al Hasan,51
Kolkata Knight Riders,MK Tiwary,50
Kolkata Knight Riders,Kuldeep Yadav,45
Kolkata Knight Riders,R Bhatia,45
Kolkata Knight Riders,SA Yadav,42
Kolkata Knight Riders,CA Lynn,40
Kolkata Knight Riders,SC Ganguly,39
Kolkata Knight Riders,LR Shukla,38
Kolkata Knight Riders,BB McCullum,35
Kolkata Knight Riders,L Balaji,35
Kolkata Knight Riders,M Prasidh Krishna,34
Kolkata Knight Riders,Harshit Rana,32
Kolkata Knight Riders,Iqbal Abdulla,32
Kolkata Knight Riders,Shivam Mavi,32
Kolkata Knight Riders,I Sharma,31
Kolkata Knight Riders,PJ Cummins,30
Kolkata Knight Riders,M Morkel,29
Kolkata Knight Riders,AB Dinda,28
Kolkata Knight Riders,SS Iyer,28
Kolkata Knight Riders,AB Agarkar,27
Kolkata Knight Riders,MS Bisla,27
Kolkata Knight Riders,RA Tripathi,27
Kolkata Knight Riders,VG Arora,27
Kolkata Knight Riders,B Lee,25
Kolkata Knight Riders,M Kartik,25
Kolkata Knight Riders,RN ten Doeschate,24
Kolkata Knight Riders,WP Saha,24
Kolkata Knight Riders,DJ Hussey,23
Kolkata Knight Riders,DB Das,22
Kolkata Knight Riders,LH Ferguson,21
Kolkata Knight Riders,AM Rahane,19
Kolkata Knight Riders,BJ Hodge,19
Kolkata Knight Riders,A Raghuvanshi,18
Kolkata Knight Riders,Rahmanullah Gurbaz,18
Kolkata Knight Riders,CH Gayle,16
Kolkata Knight Riders,Ramandeep Singh,16
Kolkata Knight Riders,TG Southee,14
Kolkata Knight Riders,AD Mathews,13
Kolkata Knight Riders,CR Woakes,13
Kolkata Knight Riders,MA Starc,13
Kolkata Knight Riders,Suyash Sharma,13
Kolkata Knight Riders,C de Grandhomme,12
Kolkata Knight Riders,PD Salt,12
Kolkata Knight Riders,GB Hogg,11
Kolkata Knight Riders,JD Unadkat,11
Kolkata Knight Riders,KL Nagarkoti,11
Kolkata Knight Riders,R Vinay Kumar,11
Kolkata Knight Riders,SN Thakur,11
Kolkata Knight Riders,AS Roy,10
Kolkata Knight Riders,AS Rajpoot,9
Kolkata Knight Riders,HF Gurney,8
Kolkata Knight Riders,JJ Roy,8
Kolkata Knight Riders,Mohammad Hafeez,8
Kolkata Knight Riders,NM Coulter-Nile,8
Kolkata Knight Riders,Q de Kock,8
Kolkata Knight Riders,SE Bond,8
Kolkata Knight Riders,SMSM Senanayake,8
Kolkata Knight Riders,SP Jackson,8
Kolkata Knight Riders,SW Billings,8
Kolkata Knight Riders,BAW Mendis,7
Kolkata Knight Riders,Salman Butt,7
Kolkata Knight Riders,A Chopra,6
Kolkata Knight Riders,CA Pujara,6
Kolkata Knight Riders,MG Johnson,6
Kolkata Knight Riders,N Jagadeesan,6
Kolkata Knight Riders,TA Boult,6
Kolkata Knight Riders,Umar Gul,6
Kolkata Knight Riders,AJ Finch,5
Kolkata Knight Riders,MM Ali,5
Kolkata Knight Riders,MN van Wyk,5
Kolkata Knight Riders,Mandeep Singh,5
Kolkata Knight Riders,OA Shah,5
Kolkata Knight Riders,S Sandeep Warrier,5
Kolkata Knight Riders,TK Curran,5
Kolkata Knight Riders,C Munro,4
Kolkata Knight Riders,CK Langeveldt,4
Kolkata Knight Riders,J Botha,4
Kolkata Knight Riders,JO Holder,4
Kolkata Knight Riders,MC Henriques,4
Kolkata Knight Riders,R Sathish,4
Kolkata Knight Riders,RT Ponting,4
Kolkata Knight Riders,SH Johnson,4
Kolkata Knight Riders,SP Goswami,4
Kolkata Knight Riders,Yashpal Singh,4
Kolkata Knight Riders,B Indrajith,3
Kolkata Knight Riders,D Wiese,3
Kolkata Knight Riders,Harbhajan Singh,3
Kolkata Knight Riders,JPR Scantlebury-Searles,3
Kolkata Knight Riders,M de Lange,3
Kolkata Knight Riders,MV Boucher,3
Kolkata Knight Riders,Mohammed Shami,3
Kolkata Knight Riders,PJ Sangwan,3
Kolkata Knight Riders,S Ladda,3
Kolkata Knight Riders,Shoaib Akhtar,3
Kolkata Knight Riders,T Taibu,3
Kolkata Knight Riders,A Nortje,2
Kolkata Knight Riders,AN Ghosh,2
Kolkata Knight Riders,Anureet Singh,2
Kolkata Knight Riders,CR Brathwaite,2
Kolkata Knight Riders,IR Jaggi,2
Kolkata Knight Riders,JW Hastings,2
Kolkata Knight Riders,K Khejroliya,2
Kolkata Knight Riders,KC Cariappa,2
Kolkata Knight Riders,NS Naik,2
Kolkata Knight Riders,R McLaren,2
Kolkata Knight Riders,RS Gavaskar,2
Kolkata Knight Riders,Rasikh Salam,2
Kolkata Knight Riders,S Narwal,2
Kolkata Knight Riders,SS Sarkar,2
Kolkata Knight Riders,T Banton,2
Kolkata Knight Riders,Y Prithvi Raj,2
Kolkata Knight Riders,A Tomar,1
Kolkata Knight Riders,Aman Hakim Khan,1
Kolkata Knight Riders,Azhar Mahmood,1
Kolkata Knight Riders,BJ Haddin,1
Kolkata Knight Riders,C Sakariya,1
Kolkata Knight Riders,CJ Green,1
Kolkata Knight Riders,DM Bravo,1
Kolkata Knight Riders,JL Denly,1
Kolkata Knight Riders,Liton Das,1
Kolkata Knight Riders,MB Parmar,1
Kolkata Knight Riders,Mashrafe Mortaza,1
Kolkata Knight Riders,P Dogra,1
Kolkata Knight Riders,PVD Chameera,1
Kolkata Knight Riders,R Powell,1
Kolkata Knight Riders,SB Bangar,1
Kolkata Knight Riders,SS Shaikh,1
Kolkata Knight Riders,TL Seifert,1
Lucknow Super Giants,Ravi Bishnoi,53
Lucknow Super Giants,A Badoni,48
Lucknow Super Giants,KH Pandya,43
Lucknow Super Giants,N Pooran,43
Lucknow Super Giants,MP Stoinis,40
Lucknow Super Giants,KL Rahul,38
Lucknow Super Giants,Avesh Khan,35
Lucknow Super Giants,DJ Hooda,35
Lucknow Super Giants,Q de Kock,30
Lucknow Super Giants,Mohsin Khan,23
Lucknow Super Giants,Yash Thakur,19
Lucknow Super Giants,Naveen-ul-Haq,17
Lucknow Super Giants,AK Markram,13
Lucknow Super Giants,DS Rathi,13
Lucknow Super Giants,KR Mayers,13
Lucknow Super Giants,MR Marsh,13
Lucknow Super Giants,RR Pant,13
Lucknow Super Giants,Abdul Samad,12
Lucknow Super Giants,JO Holder,12
Lucknow Super Giants,K Gowtham,12
Lucknow Super Giants,PVD Chameera,12
Lucknow Super Giants,DA Miller,11
Lucknow Super Giants,SN Thakur,10
Lucknow Super Giants,A Mishra,8
Lucknow Super Giants,D Padikkal,7
Lucknow Super Giants,Akash Deep,6
Lucknow Super Giants,MK Pandey,6
Lucknow Super Giants,MP Yadav,6
Lucknow Super Giants,Prince Yadav,6
Lucknow Super Giants,E Lewis,5
Lucknow Super Giants,M Siddharth,5
Lucknow Super Giants,PN Mankad,5
Lucknow Super Giants,Yudhvir Singh,5
Lucknow Super Giants,MA Wood,4
Lucknow Super Giants,MJ Henry,4
Lucknow Super Giants,AJ Tye,3
Lucknow Super Giants,Akash Singh,3
Lucknow Super Giants,Arshad Khan,3
Lucknow Super Giants,JD Unadkat,3
Lucknow Super Giants,KS Sharma,3
Lucknow Super Giants,Shahbaz Ahmed,3
Lucknow Super Giants,W O'Rourke,3
Lucknow Super Giants,AA Kulkarni,2
Lucknow Super Giants,AJ Turner,2
Lucknow Super Giants,M Vohra,2
Lucknow Super Giants,Swapnil Singh,2
Lucknow Super Giants,Arshad Khan (2),1
Lucknow Super Giants,MP Breetzke,1
Lucknow Super Giants,R Shepherd,1
Lucknow Super Giants,S Joseph,1
Mumbai Indians,RG Sharma,223
Mumbai Indians,KA Pollard,181
Mumbai Indians,JJ Bumrah,145
Mumbai Indians,Harbhajan Singh,136
Mumbai Indians,SL Malinga,122
Mumbai Indians,HH Pandya,119
Mumbai Indians,SA Yadav,110
Mumbai Indians,AT Rayudu,107
Mumbai Indians,Ishan Kishan,84
Mumbai Indians,KH Pandya,84
Mumbai Indians,SR Tendulkar,78
Mumbai Indians,MJ McClenaghan,56
Mumbai Indians,Tilak Varma,51
Mumbai Indians,TA Boult,45
Mumbai Indians,Q de Kock,43
Mumbai Indians,PA Patel,40
Mumbai Indians,RD Chahar,39
Mumbai Indians,PP Ojha,37
Mumbai Indians,DS Kulkarni,35
Mumbai Indians,TH David,34
Mumbai Indians,KD Karthik,33
Mumbai Indians,MM Patel,31
Mumbai Indians,DJ Bravo,30
Mumbai Indians,SS Tiwary,30
Mumbai Indians,ST Jayasuriya,30
Mumbai Indians,LMP Simmons,29
Mumbai Indians,PP Chawla,28
Mumbai Indians,Z Khan,26
Mumbai Indians,JP Duminy,25
Mumbai Indians,AM Nayar,24
Mumbai Indians,DR Smith,24
Mumbai Indians,JC Buttler,24
Mumbai Indians,AP Tare,23
Mumbai Indians,MG Johnson,22
Mumbai Indians,JEC Franklin,19
Mumbai Indians,M Markande,19
Mumbai Indians,Naman Dhir,19
Mumbai Indians,JP Behrendorff,17
Mumbai Indians,R Vinay Kumar,17
Mumbai Indians,C Green,16
Mumbai Indians,CJ Anderson,16
Mumbai Indians,E Lewis,16
Mumbai Indians,N Rana,16
Mumbai Indians,N Wadhera,16
Mumbai Indians,R Sathish,16
Mumbai Indians,A Nehra,14
Mumbai Indians,DL Chahar,14
Mumbai Indians,KV Sharma,14
Mumbai Indians,RD Rickelton,14
Mumbai Indians,RV Uthappa,14
Mumbai Indians,S Dhawan,14
Mumbai Indians,TG Southee,14
Mumbai Indians,Akash Madhwal,13
Mumbai Indians,HR Shokeen,13
Mumbai Indians,J Suchith,13
Mumbai Indians,MJ Santner,13
Mumbai Indians,NM Coulter-Nile,13
Mumbai Indians,RP Meredith,13
Mumbai Indians,SM Pollock,13
Mumbai Indians,BCJ Cutting,12
Mumbai Indians,K Kartikeya,12
Mumbai Indians,WG Jacks,12
Mumbai Indians,DR Sams,11
Mumbai Indians,RP Singh,11
Mumbai Indians,AN Ahmed,10
Mumbai Indians,CRD Fernando,10
Mumbai Indians,D Brevis,10
Mumbai Indians,G Coetzee,10
Mumbai Indians,JL Pattinson,10
Mumbai Indians,R McLaren,10
Mumbai Indians,RR Raje,10
Mumbai Indians,A Symonds,9
Mumbai Indians,AM Rahane,9
Mumbai Indians,CM Gautam,9
Mumbai Indians,J Yadav,9
Mumbai Indians,MEK Hussey,9
Mumbai Indians,PR Shah,9
Mumbai Indians,S Gopal,9
Mumbai Indians,TL Suman,9
Mumbai Indians,AG Murtaza,8
Mumbai Indians,M Ashwin,8
Mumbai Indians,AC Blizzard,7
Mumbai Indians,Ashwani Kumar,7
Mumbai Indians,DJ Jacobs,7
Mumbai Indians,Mohammad Nabi,7
Mumbai Indians,Mustafizur Rahman,7
Mumbai Indians,N Thushara,7
Mumbai Indians,Arshad Khan,6
Mumbai Indians,CJ Jordan,6
Mumbai Indians,R Shepherd,6
Mumbai Indians,RE Levi,6
Mumbai Indians,UBT Chand,6
Mumbai Indians,Arjun Tendulkar,5
Mumbai Indians,Basil Thampi,5
Mumbai Indians,DJ Thornely,5
Mumbai Indians,JC Archer,5
Mumbai Indians,JD Unadkat,5
Mumbai Indians,L Ronchi,5
Mumbai Indians,P Suyal,5
Mumbai Indians,R Dhawan,5
Mumbai Indians,RJ Peterson,5
Mumbai Indians,RT Ponting,5
Mumbai Indians,Ramandeep Singh,5
Mumbai Indians,TS Mills,5
Mumbai Indians,V Puthur,5
Mumbai Indians,YV Takawale,5
Mumbai Indians,AF Milne,4
Mumbai Indians,T Stubbs,4
Mumbai Indians,Yuvraj Singh,4
Mumbai Indians,A Kamboj,3
Mumbai Indians,AJ Finch,3
Mumbai Indians,AS Joseph,3
Mumbai Indians,Anmolpreet Singh,3
Mumbai Indians,BR Dunk,3
Mumbai Indians,C Bosch,3
Mumbai Indians,C Nanda,3
Mumbai Indians,GJ Maxwell,3
Mumbai Indians,HH Gibbs,3
Mumbai Indians,JDS Neesham,3
Mumbai Indians,MA Khote,3
Mumbai Indians,MJ Guptill,3
Mumbai Indians,P Kumar,3
Mumbai Indians,SD Chitnis,3
Mumbai Indians,Vishnu Vinod,3
Mumbai Indians,BB Sran,2
Mumbai Indians,CJ McKay,2
Mumbai Indians,JM Bairstow,2
Mumbai Indians,K Santokie,2
Mumbai Indians,KT Maphaka,2
Mumbai Indians,L Wood,2
Mumbai Indians,M Jansen,2
Mumbai Indians,M de Lange,2
Mumbai Indians,MK Pandey,2
Mumbai Indians,NLTC Perera,2
Mumbai Indians,PVSN Raju,2
Mumbai Indians,R Minz,2
Mumbai Indians,SZ Mulani,2
Mumbai Indians,VS Yeligati,2
Mumbai Indians,A Dananjaya,1
Mumbai Indians,A Nel,1
Mumbai Indians,AS Roy,1
Mumbai Indians,C Madan,1
Mumbai Indians,CA Lynn,1
Mumbai Indians,D Jansen,1
Mumbai Indians,FA Allen,1
Mumbai Indians,GR Napier,1
Mumbai Indians,JDP Oram,1
Mumbai Indians,Mohammad Ashraful,1
Mumbai Indians,Mujeeb Ur Rahman,1
Mumbai Indians,PJ Sangwan,1
Mumbai Indians,R Goyal,1
Mumbai Indians,R Sanjay Yadav,1
Mumbai Indians,R Shukla,1
Mumbai Indians,RA Bawa,1
Mumbai Indians,RA Shaikh,1
Mumbai Indians,RJ Gleeson,1
Mumbai Indians,RJW Topley,1
Mumbai Indians,RW Price,1
Mumbai Indians,Rasikh Salam,1
Mumbai Indians,SD Lad,1
Mumbai Indians,STR Binny,1
Mumbai Indians,YS Chahal,1
Pune Warriors,RV Uthappa,45
Pune Warriors,R Sharma,36
Pune Warriors,B Kumar,31
Pune Warriors,Yuvraj Singh,27
Pune Warriors,MK Pandey,25
Pune Warriors,JD Ryder,24
Pune Warriors,SPD Smith,21
Pune Warriors,AB Dinda,20
Pune Warriors,AD Mathews,20
Pune Warriors,M Manhas,19
Pune Warriors,SC Ganguly,18
Pune Warriors,WD Parnell,18
Pune Warriors,M Kartik,17
Pune Warriors,AC Thomas,15
Pune Warriors,AJ Finch,14
Pune Warriors,MR Marsh,14
Pune Warriors,A Nehra,13
Pune Warriors,AM Nayar,10
Pune Warriors,MN Samuels,10
Pune Warriors,CJ Ferguson,8
Pune Warriors,LJ Wright,7
Pune Warriors,SB Wagh,7
Pune Warriors,MD Mishra,6
Pune Warriors,MJ Clarke,6
Pune Warriors,JE Taylor,5
Pune Warriors,LRPL Taylor,5
Pune Warriors,TL Suman,5
Pune Warriors,AG Murtaza,4
Pune Warriors,AP Majumdar,4
Pune Warriors,GC Smith,4
Pune Warriors,AA Jhunjhunwala,3
Pune Warriors,BAW Mendis,3
Pune Warriors,Harpreet Singh,3
Pune Warriors,K Upadhyay,3
Pune Warriors,KW Richardson,3
Pune Warriors,IC Pandey,2
Pune Warriors,M Rawat,2
Pune Warriors,NL McCullum,2
Pune Warriors,Parvez Rasool,2
Pune Warriors,RV Gomez,2
Pune Warriors,TD Paine,2
Pune Warriors,JP Faulkner,1
Pune Warriors,Kamran Khan,1
Pune Warriors,S Rana,1
Pune Warriors,SS Mundhe,1
Pune Warriors,UA Birla,1
Punjab Kings,PP Chawla,87
Punjab Kings,Arshdeep Singh,81
Punjab Kings,DA Miller,77
Punjab Kings,GJ Maxwell,72
Punjab Kings,SE Marsh,69
Punjab Kings,AR Patel,68
Punjab Kings,Sandeep Sharma,61
Punjab Kings,MA Agarwal,59
Punjab Kings,Mandeep Singh,58
Punjab Kings,KL Rahul,55
Punjab Kings,P Simran Singh,52
Punjab Kings,Yuvraj Singh,50
Punjab Kings,WP Saha,49
Punjab Kings,Harpreet Brar,46
Punjab Kings,P Kumar,44
Punjab Kings,IK Pathan,42
Punjab Kings,Mohammed Shami,42
Punjab Kings,CH Gayle,41
Punjab Kings,M Vohra,41
Punjab Kings,MM Sharma,37
Punjab Kings,JM Sharma,36
Punjab Kings,RD Chahar,36
Punjab Kings,SM Curran,36
Punjab Kings,DPMD Jayawardene,35
Punjab Kings,AC Gilchrist,34
Punjab Kings,DJ Hussey,34
Punjab Kings,KC Sangakkara,34
Punjab Kings,P Awana,33
Punjab Kings,R Dhawan,32
Punjab Kings,M Shahrukh Khan,31
Punjab Kings,MP Stoinis,31
Punjab Kings,N Pooran,31
Punjab Kings,K Rabada,30
Punjab Kings,LS Livingstone,30
Punjab Kings,S Dhawan,30
Punjab Kings,GJ Bailey,29
Punjab Kings,R Ashwin,28
Punjab Kings,S Sreesanth,28
Punjab Kings,Shashank Singh,28
Punjab Kings,MG Johnson,26
Punjab Kings,M Vijay,25
Punjab Kings,V Sehwag,25
Punjab Kings,Gurkeerat Singh,24
Punjab Kings,Ravi Bishnoi,23
Punjab Kings,Azhar Mahmood,22
Punjab Kings,JM Bairstow,22
Punjab Kings,M Ashwin,22
Punjab Kings,PC Valthaty,21
Punjab Kings,RJ Harris,21
Punjab Kings,RR Powar,21
Punjab Kings,AJ Tye,20
Punjab Kings,Mujeeb Ur Rahman,18
Punjab Kings,Priyansh Arya,18
Punjab Kings,VRV Singh,18
Punjab Kings,Anureet Singh,17
Punjab Kings,DJ Hooda,17
Punjab Kings,K Goel,17
Punjab Kings,SS Iyer,17
Punjab Kings,HM Amla,16
Punjab Kings,KK Nair,16
Punjab Kings,NT Ellis,16
Punjab Kings,BA Bhatt,15
Punjab Kings,N Wadhera,15
Punjab Kings,RS Bopara,15
Punjab Kings,HV Patel,14
Punjab Kings,M Jansen,14
Punjab Kings,SJ Srivastava,14
Punjab Kings,AM Nayar,13
Punjab Kings,B Lee,13
Punjab Kings,Bipul Sharma,13
Punjab Kings,CJ Jordan,13
Punjab Kings,KD Karthik,13
Punjab Kings,PBB Rajapaksa,13
Punjab Kings,YS Chahal,13
Punjab Kings,AS Rajpoot,12
Punjab Kings,LA Pomersbach,12
Punjab Kings,JP Inglis,11
Punjab Kings,JR Hopes,11
Punjab Kings,SM Katich,11
Punjab Kings,YA Abdulla,11
Punjab Kings,Harmeet Singh,10
Punjab Kings,MS Bisla,10
Punjab Kings,N Saini,10
Punjab Kings,S Sohal,10
Punjab Kings,SN Khan,10
Punjab Kings,WA Mota,10
Punjab Kings,AJ Finch,9
Punjab Kings,Ashutosh Sharma,9
Punjab Kings,Atharva Taide,9
Punjab Kings,KC Cariappa,9
Punjab Kings,Karanveer Singh,9
Punjab Kings,L Balaji,9
Punjab Kings,Sikandar Raza,9
Punjab Kings,VS Malik,9
Punjab Kings,Azmatullah Omarzai,8
Punjab Kings,MS Gony,8
Punjab Kings,R Sathish,8
Punjab Kings,RR Rossouw,8
Punjab Kings,BE Hendricks,7
Punjab Kings,J Theron,7
Punjab Kings,MJ Guptill,7
Punjab Kings,AK Markram,6
Punjab Kings,BB Sran,6
Punjab Kings,CA Pujara,6
Punjab Kings,GC Viljoen,6
Punjab Kings,I Sharma,6
Punjab Kings,MW Short,6
Punjab Kings,OF Smith,6
Punjab Kings,R McLaren,6
Punjab Kings,SS Cottrell,6
Punjab Kings,T Natarajan,6
Punjab Kings,VR Aaron,6
Punjab Kings,AD Mascarenhas,5
Punjab Kings,Harpreet Singh,5
Punjab Kings,JDS Neesham,5
Punjab Kings,KJ Abbott,5
Punjab Kings,MC Henriques,5
Punjab Kings,P Sahu,5
Punjab Kings,RP Meredith,5
Punjab Kings,SD Chitnis,5
Punjab Kings,Shivam Sharma,5
Punjab Kings,Sunny Singh,5
Punjab Kings,Swapnil Singh,5
Punjab Kings,VG Arora,5
Punjab Kings,Vijaykumar Vyshak,5
Punjab Kings,EJG Morgan,4
Punjab Kings,FA Allen,4
Punjab Kings,Gagandeep Singh,4
Punjab Kings,KA Jamieson,4
Punjab Kings,LH Ferguson,4
Punjab Kings,MK Tiwary,4
Punjab Kings,RR Sarwan,4
Punjab Kings,XC Bartlett,4
Punjab Kings,AB Barath,3
Punjab Kings,F Behardien,3
Punjab Kings,JA Richardson,3
Punjab Kings,L Ablish,3
Punjab Kings,M Kaif,3
Punjab Kings,P Dogra,3
Punjab Kings,R Tewatia,3
Punjab Kings,Suryansh Shedge,3
Punjab Kings,TM Srivastava,3
Punjab Kings,JP Faulkner,2
Punjab Kings,K Gowtham,2
Punjab Kings,M Kartik,2
Punjab Kings,MJ Henry,2
Punjab Kings,NLTC Perera,2
Punjab Kings,NS Naik,2
Punjab Kings,RA Bawa,2
Punjab Kings,T Kohli,2
Punjab Kings,Yash Thakur,2
Punjab Kings,AD Nath,1
Punjab Kings,AU Rashid,1
Punjab Kings,CV Varun,1
Punjab Kings,DJ Malan,1
Punjab Kings,Gurnoor Brar,1
Punjab Kings,IC Porel,1
Punjab Kings,Jalaj S Saxena,1
Punjab Kings,MG Neser,1
Punjab Kings,MJ Owen,1
Punjab Kings,Mohit Rathee,1
Punjab Kings,Musheer Khan,1
Punjab Kings,NJ Rimmington,1
Punjab Kings,P Dubey,1
Punjab Kings,PN Mankad,1
Punjab Kings,RR Bose,1
Punjab Kings,RS Sodhi,1
Punjab Kings,SN Thakur,1
Punjab Kings,Shivam Singh,1
Punjab Kings,U Kaul,1
Punjab Kings,V Kaverappa,1
Rajasthan Royals,SV Samson,144
Rajasthan Royals,AM Rahane,93
Rajasthan Royals,JC Buttler,82
Rajasthan Royals,SR Watson,78
Rajasthan Royals,SK Trivedi,76
Rajasthan Royals,R Parag,75
Rajasthan Royals,STR Binny,66
Rajasthan Royals,YBK Jaiswal,66
Rajasthan Royals,SK Warne,55
Rajasthan Royals,SO Hetmyer,50
Rajasthan Royals,JC Archer,47
Rajasthan Royals,YS Chahal,46
Rajasthan Royals,R Dravid,45
Rajasthan Royals,R Ashwin,44
Rajasthan Royals,SPD Smith,43
Rajasthan Royals,YK Pathan,43
Rajasthan Royals,JP Faulkner,42
Rajasthan Royals,S Gopal,41
Rajasthan Royals,TA Boult,41
Rajasthan Royals,JD Unadkat,39
Rajasthan Royals,DS Kulkarni,37
Rajasthan Royals,Dhruv Jurel,35
Rajasthan Royals,R Tewatia,32
Rajasthan Royals,Sandeep Sharma,32
Rajasthan Royals,BA Stokes,31
Rajasthan Royals,BJ Hodge,30
Rajasthan Royals,MM Patel,30
Rajasthan Royals,D Padikkal,28
Rajasthan Royals,PV Tambe,26
Rajasthan Royals,AL Menaria,25
Rajasthan Royals,GC Smith,25
Rajasthan Royals,KK Cooper,25
Rajasthan Royals,KK Nair,25
Rajasthan Royals,J Botha,24
Rajasthan Royals,A Singh,23
Rajasthan Royals,RA Jadeja,23
Rajasthan Royals,CH Morris,22
Rajasthan Royals,K Gowtham,22
Rajasthan Royals,NV Ojha,22
Rajasthan Royals,SW Tait,21
Rajasthan Royals,SA Asnodkar,20
Rajasthan Royals,RA Tripathi,19
Rajasthan Royals,AS Raut,17
Rajasthan Royals,DH Yagnik,17
Rajasthan Royals,M Prasidh Krishna,17
Rajasthan Royals,Avesh Khan,15
Rajasthan Royals,OA Shah,15
Rajasthan Royals,C Sakariya,14
Rajasthan Royals,Kartik Tyagi,14
Rajasthan Royals,M Kaif,14
Rajasthan Royals,Mustafizur Rahman,14
Rajasthan Royals,R Bhatia,14
Rajasthan Royals,AA Chavan,13
Rajasthan Royals,A Chandila,12
Rajasthan Royals,AA Jhunjhunwala,12
Rajasthan Royals,FY Fazal,12
Rajasthan Royals,KR Sen,12
Rajasthan Royals,Pankaj Singh,12
Rajasthan Royals,RV Uthappa,12
Rajasthan Royals,DJ Hooda,11
Rajasthan Royals,LRPL Taylor,11
Rajasthan Royals,M Theekshana,11
Rajasthan Royals,MJ Lumb,11
Rajasthan Royals,N Rana,11
Rajasthan Royals,PWH de Silva,11
Rajasthan Royals,SB Dubey,11
Rajasthan Royals,Sohail Tanvir,11
Rajasthan Royals,GB Hogg,10
Rajasthan Royals,M Rawat,10
Rajasthan Royals,MK Lomror,10
Rajasthan Royals,TG Southee,10
Rajasthan Royals,TU Deshpande,10
Rajasthan Royals,DA Miller,9
Rajasthan Royals,LS Livingstone,9
Rajasthan Royals,S Dube,9
Rajasthan Royals,AC Voges,8
Rajasthan Royals,AD Mascarenhas,8
Rajasthan Royals,IS Sodhi,8
Rajasthan Royals,JO Holder,8
Rajasthan Royals,Kamran Khan,8
Rajasthan Royals,OC McCoy,8
Rajasthan Royals,P Dogra,8
Rajasthan Royals,VR Aaron,8
Rajasthan Royals,Ankit Sharma,7
Rajasthan Royals,B Laughlin,7
Rajasthan Royals,DJM Short,7
Rajasthan Royals,KW Richardson,7
Rajasthan Royals,R Powell,7
Rajasthan Royals,RJ Quiney,7
Rajasthan Royals,S Sreesanth,7
Rajasthan Royals,V Suryavanshi,7
Rajasthan Royals,A Zampa,6
Rajasthan Royals,AS Rajpoot,6
Rajasthan Royals,Kamran Akmal,6
Rajasthan Royals,Niraj Patel,6
Rajasthan Royals,SP Goswami,6
Rajasthan Royals,AG Paunikar,5
Rajasthan Royals,D Salunkhe,5
Rajasthan Royals,E Lewis,5
Rajasthan Royals,Fazalhaq Farooqi,5
Rajasthan Royals,LA Carseldine,5
Rajasthan Royals,N Burger,5
Rajasthan Royals,S Narwal,5
Rajasthan Royals,TK Curran,5
Rajasthan Royals,AJ Turner,4
Rajasthan Royals,AM Nayar,4
Rajasthan Royals,Akash Madhwal,4
Rajasthan Royals,H Klaasen,4
Rajasthan Royals,K Kartikeya,4
Rajasthan Royals,KM Asif,4
Rajasthan Royals,M Morkel,4
Rajasthan Royals,M Vohra,4
Rajasthan Royals,O Thomas,4
Rajasthan Royals,VS Malik,4
Rajasthan Royals,Yudhvir Singh,4
Rajasthan Royals,AP Dole,3
Rajasthan Royals,Anureet Singh,3
Rajasthan Royals,GD Phillips,3
Rajasthan Royals,HE van der Dussen,3
Rajasthan Royals,K Yadav,3
Rajasthan Royals,ND Doshi,3
Rajasthan Royals,Navdeep Saini,3
Rajasthan Royals,R Shukla,3
Rajasthan Royals,SM Harwood,3
Rajasthan Royals,T Kohler-Cadmore,3
Rajasthan Royals,A Uniyal,2
Rajasthan Royals,D Ferreira,2
Rajasthan Royals,DJ Mitchell,2
Rajasthan Royals,DS Lehmann,2
Rajasthan Royals,JDP Oram,2
Rajasthan Royals,JDS Neesham,2
Rajasthan Royals,JE Root,2
Rajasthan Royals,KA Maharaj,2
Rajasthan Royals,KT Maphaka,2
Rajasthan Royals,M Ashwin,2
Rajasthan Royals,MDKJ Perera,2
Rajasthan Royals,PC Valthaty,2
Rajasthan Royals,T Henderson,2
Rajasthan Royals,T Kohli,2
Rajasthan Royals,AJ Finch,1
Rajasthan Royals,AJ Tye,1
Rajasthan Royals,Abdul Basith,1
Rajasthan Royals,Akash Singh,1
Rajasthan Royals,Anuj Rawat,1
Rajasthan Royals,BB Sran,1
Rajasthan Royals,BCJ Cutting,1
Rajasthan Royals,DR Martyn,1
Rajasthan Royals,Harmeet Singh (2),1
Rajasthan Royals,Iqbal Abdulla,1
Rajasthan Royals,J Theron,1
Rajasthan Royals,KS Rathore,1
Rajasthan Royals,M Markande,1
Rajasthan Royals,NA Saini,1
Rajasthan Royals,NM Coulter-Nile,1
Rajasthan Royals,P Chopra,1
Rajasthan Royals,PR Shah,1
Rajasthan Royals,S Badree,1
Rajasthan Royals,S Midhun,1
Rajasthan Royals,SB Wagh,1
Rajasthan Royals,SD Chitnis,1
Rajasthan Royals,Sachin Baby,1
Rajasthan Royals,T Shamsi,1
Rajasthan Royals,Tanush Kotian,1
Rajasthan Royals,UBT Chand,1
Rajasthan Royals,Younis Khan,1
Rising Pune Supergiants,AM Rahane,30
Rising Pune Supergiants,MS Dhoni,27
Rising Pune Supergiants,SPD Smith,22
Rising Pune Supergiants,R Ashwin,14
Rising Pune Supergiants,RA Tripathi,14
Rising Pune Supergiants,DT Christian,13
Rising Pune Supergiants,MK Tiwary,13
Rising Pune Supergiants,R Bhatia,13
Rising Pune Supergiants,AB Dinda,12
Rising Pune Supergiants,BA Stokes,12
Rising Pune Supergiants,Imran Tahir,12
Rising Pune Supergiants,JD Unadkat,12
Rising Pune Supergiants,NLTC Perera,12
Rising Pune Supergiants,SN Thakur,12
Rising Pune Supergiants,A Zampa,11
Rising Pune Supergiants,M Ashwin,10
Rising Pune Supergiants,Washington Sundar,10
Rising Pune Supergiants,F du Plessis,7
Rising Pune Supergiants,SS Tiwary,7
Rising Pune Supergiants,UT Khawaja,6
Rising Pune Supergiants,DL Chahar,5
Rising Pune Supergiants,GJ Bailey,5
Rising Pune Supergiants,Ankit Sharma,4
Rising Pune Supergiants,I Sharma,4
Rising Pune Supergiants,IK Pathan,4
Rising Pune Supergiants,KP Pietersen,4
Rising Pune Supergiants,LH Ferguson,4
Rising Pune Supergiants,RP Singh,4
Rising Pune Supergiants,MA Agarwal,3
Rising Pune Supergiants,MR Marsh,3
Rising Pune Supergiants,JA Morkel,2
Rising Pune Supergiants,RD Chahar,2
Rising Pune Supergiants,SM Boland,2
Rising Pune Supergiants,PSP Handscomb,1
Royal Challengers Bengaluru,V Kohli,260
Royal Challengers Bengaluru,AB de Villiers,144
Royal Challengers Bengaluru,YS Chahal,112
Royal Challengers Bengaluru,Mohammed Siraj,87
Royal Challengers Bengaluru,CH Gayle,84
Royal Challengers Bengaluru,HV Patel,78
Royal Challengers Bengaluru,R Vinay Kumar,63
Royal Challengers Bengaluru,KD Karthik,53
Royal Challengers Bengaluru,GJ Maxwell,51
Royal Challengers Bengaluru,F du Plessis,45
Royal Challengers Bengaluru,Z Khan,43
Royal Challengers Bengaluru,A Kumble,42
Royal Challengers Bengaluru,JH Kallis,42
Royal Challengers Bengaluru,D Padikkal,39
Royal Challengers Bengaluru,P Kumar,38
Royal Challengers Bengaluru,RM Patidar,38
Royal Challengers Bengaluru,S Aravind,38
Royal Challengers Bengaluru,R Dravid,37
Royal Challengers Bengaluru,Shahbaz Ahmed,34
Royal Challengers Bengaluru,DW Steyn,33
Royal Challengers Bengaluru,Mandeep Singh,32
Royal Challengers Bengaluru,PA Patel,32
Royal Challengers Bengaluru,Washington Sundar,31
Royal Challengers Bengaluru,SS Tiwary,30
Royal Challengers Bengaluru,Yash Dayal,29
Royal Challengers Bengaluru,MA Agarwal,28
Royal Challengers Bengaluru,JR Hazlewood,27
Royal Challengers Bengaluru,MK Lomror,27
Royal Challengers Bengaluru,NA Saini,27
Royal Challengers Bengaluru,RV Uthappa,27
Royal Challengers Bengaluru,UT Yadav,27
Royal Challengers Bengaluru,MA Starc,26
Royal Challengers Bengaluru,PWH de Silva,26
Royal Challengers Bengaluru,SR Watson,24
Royal Challengers Bengaluru,TM Dilshan,24
Royal Challengers Bengaluru,VR Aaron,23
Royal Challengers Bengaluru,DL Vettori,22
Royal Challengers Bengaluru,LRPL Taylor,22
Royal Challengers Bengaluru,M Muralitharan,21
Royal Challengers Bengaluru,MV Boucher,21
Royal Challengers Bengaluru,Anuj Rawat,20
Royal Challengers Bengaluru,MM Ali,19
Royal Challengers Bengaluru,P Negi,19
Royal Challengers Bengaluru,STR Binny,19
Royal Challengers Bengaluru,SN Khan,18
Royal Challengers Bengaluru,KM Jadhav,17
Royal Challengers Bengaluru,KV Sharma,17
Royal Challengers Bengaluru,MK Pandey,17
Royal Challengers Bengaluru,A Mithun,16
Royal Challengers Bengaluru,D Wiese,15
Royal Challengers Bengaluru,Iqbal Abdulla,15
Royal Challengers Bengaluru,KH Pandya,15
Royal Challengers Bengaluru,B Akhil,14
Royal Challengers Bengaluru,B Kumar,14
Royal Challengers Bengaluru,KL Rahul,14
Royal Challengers Bengaluru,S Dube,14
Royal Challengers Bengaluru,Suyash Sharma,14
Royal Challengers Bengaluru,Yuvraj Singh,14
Royal Challengers Bengaluru,C Green,13
Royal Challengers Bengaluru,C de Grandhomme,13
Royal Challengers Bengaluru,CL White,13
Royal Challengers Bengaluru,JD Unadkat,13
Royal Challengers Bengaluru,KP Appanna,13
Royal Challengers Bengaluru,KP Pietersen,13
Royal Challengers Bengaluru,PD Salt,13
Royal Challengers Bengaluru,AJ Finch,12
Royal Challengers Bengaluru,R Rampaul,12
Royal Challengers Bengaluru,Sachin Baby,12
Royal Challengers Bengaluru,AB Dinda,11
Royal Challengers Bengaluru,DT Christian,11
Royal Challengers Bengaluru,J Syed Mohammad,11
Royal Challengers Bengaluru,JM Sharma,11
Royal Challengers Bengaluru,M Kartik,11
Royal Challengers Bengaluru,RE van der Merwe,11
Royal Challengers Bengaluru,RP Singh,11
Royal Challengers Bengaluru,TG Southee,11
Royal Challengers Bengaluru,Vijaykumar Vyshak,11
Royal Challengers Bengaluru,CA Pujara,10
Royal Challengers Bengaluru,I Udana,10
Royal Challengers Bengaluru,MC Henriques,10
Royal Challengers Bengaluru,MP Stoinis,10
Royal Challengers Bengaluru,SS Prabhudessai,10
Royal Challengers Bengaluru,TH David,10
Royal Challengers Bengaluru,TM Head,10
Royal Challengers Bengaluru,CH Morris,9
Royal Challengers Bengaluru,CJ Jordan,9
Royal Challengers Bengaluru,KA Jamieson,9
Royal Challengers Bengaluru,LS Livingstone,9
Royal Challengers Bengaluru,Akash Deep,8
Royal Challengers Bengaluru,DJ Willey,8
Royal Challengers Bengaluru,Gurkeerat Singh,8
Royal Challengers Bengaluru,Misbah-ul-Haq,8
Royal Challengers Bengaluru,Q de Kock,8
Royal Challengers Bengaluru,W Jaffer,8
Royal Challengers Bengaluru,WG Jacks,8
Royal Challengers Bengaluru,AN Ahmed,7
Royal Challengers Bengaluru,AUK Pathan,7
Royal Challengers Bengaluru,JA Morkel,7
Royal Challengers Bengaluru,KB Arun Karthik,7
Royal Challengers Bengaluru,KS Bharat,7
Royal Challengers Bengaluru,LH Ferguson,7
Royal Challengers Bengaluru,R Shepherd,7
Royal Challengers Bengaluru,S Badree,7
Royal Challengers Bengaluru,S Rana,7
Royal Challengers Bengaluru,Swapnil Singh,7
Royal Challengers Bengaluru,WD Parnell,7
Royal Challengers Bengaluru,BB McCullum,6
Royal Challengers Bengaluru,SP Goswami,6
Royal Challengers Bengaluru,A Choudhary,5
Royal Challengers Bengaluru,AD Nath,5
Royal Challengers Bengaluru,AF Milne,5
Royal Challengers Bengaluru,CR Woakes,5
Royal Challengers Bengaluru,GHS Garton,5
Royal Challengers Bengaluru,JD Ryder,5
Royal Challengers Bengaluru,JR Philippe,5
Royal Challengers Bengaluru,K Khejroliya,5
Royal Challengers Bengaluru,KW Richardson,5
Royal Challengers Bengaluru,M Kaif,5
Royal Challengers Bengaluru,MG Bracewell,5
Royal Challengers Bengaluru,Mayank Dagar,5
Royal Challengers Bengaluru,Pankaj Singh,5
Royal Challengers Bengaluru,RJW Topley,5
Royal Challengers Bengaluru,RR Rossouw,5
Royal Challengers Bengaluru,SO Hetmyer,5
Royal Challengers Bengaluru,TS Mills,5
Royal Challengers Bengaluru,YV Takawale,5
Royal Challengers Bengaluru,AB McDonald,4
Royal Challengers Bengaluru,EJG Morgan,4
Royal Challengers Bengaluru,LA Pomersbach,4
Royal Challengers Bengaluru,M Vohra,4
Royal Challengers Bengaluru,Parvez Rasool,4
Royal Challengers Bengaluru,SB Joshi,4
Royal Challengers Bengaluru,T Shamsi,4
Royal Challengers Bengaluru,A Zampa,3
Royal Challengers Bengaluru,AS Joseph,3
Royal Challengers Bengaluru,B Chipli,3
Royal Challengers Bengaluru,CJ Anderson,3
Royal Challengers Bengaluru,CK Langeveldt,3
Royal Challengers Bengaluru,J Arunkumar,3
Royal Challengers Bengaluru,JJ van der Wath,3
Royal Challengers Bengaluru,NJ Maddinson,3
Royal Challengers Bengaluru,P Parameswaran,3
Royal Challengers Bengaluru,R Bishnoi,3
Royal Challengers Bengaluru,S Chanderpaul,3
Royal Challengers Bengaluru,Saurav Chauhan,3
Royal Challengers Bengaluru,Vishnu Vinod,3
Royal Challengers Bengaluru,B Stanlake,2
Royal Challengers Bengaluru,D du Preez,2
Royal Challengers Bengaluru,DJG Sammy,2
Royal Challengers Bengaluru,DP Nannes,2
Royal Challengers Bengaluru,DR Sams,2
Royal Challengers Bengaluru,DT Patil,2
Royal Challengers Bengaluru,H Klaasen,2
Royal Challengers Bengaluru,H Sharma,2
Royal Challengers Bengaluru,JG Bethell,2
Royal Challengers Bengaluru,KK Nair,2
Royal Challengers Bengaluru,L Ngidi,2
Royal Challengers Bengaluru,M Ashwin,2
Royal Challengers Bengaluru,MS Bisla,2
Royal Challengers Bengaluru,R Ninan,2
Royal Challengers Bengaluru,Rasikh Salam,2
Royal Challengers Bengaluru,SA Abbott,2
Royal Challengers Bengaluru,SE Rutherford,2
Royal Challengers Bengaluru,VH Zol,2
Royal Challengers Bengaluru,A Mukund,1
Royal Challengers Bengaluru,AA Kazi,1
Royal Challengers Bengaluru,AA Noffke,1
Royal Challengers Bengaluru,Abdur Razzak,1
Royal Challengers Bengaluru,Avesh Khan,1
Royal Challengers Bengaluru,MS Bhandage,1
Royal Challengers Bengaluru,N Thushara,1
Royal Challengers Bengaluru,ND Doshi,1
Royal Challengers Bengaluru,Navdeep Saini,1
Royal Challengers Bengaluru,P Ray Barman,1
Royal Challengers Bengaluru,RR Bhatkal,1
Royal Challengers Bengaluru,S Kaul,1
Royal Challengers Bengaluru,S Sriram,1
Royal Challengers Bengaluru,SB Jakati,1
Sunrisers Hyderabad,B Kumar,145
Sunrisers Hyderabad,DA Warner,95
Sunrisers Hyderabad,S Dhawan,85
Sunrisers Hyderabad,Rashid Khan,76
Sunrisers Hyderabad,KS Williamson,75
Sunrisers Hyderabad,Abhishek Sharma,74
Sunrisers Hyderabad,T Natarajan,55
Sunrisers Hyderabad,MK Pandey,47
Sunrisers Hyderabad,KV Sharma,46
Sunrisers Hyderabad,S Kaul,43
Sunrisers Hyderabad,Sandeep Sharma,43
Sunrisers Hyderabad,MC Henriques,42
Sunrisers Hyderabad,Abdul Samad,40
Sunrisers Hyderabad,H Klaasen,39
Sunrisers Hyderabad,NV Ojha,39
Sunrisers Hyderabad,DJ Hooda,38
Sunrisers Hyderabad,AK Markram,37
Sunrisers Hyderabad,DW Steyn,37
Sunrisers Hyderabad,RA Tripathi,33
Sunrisers Hyderabad,V Shankar,31
Sunrisers Hyderabad,PJ Cummins,30
Sunrisers Hyderabad,JM Bairstow,28
Sunrisers Hyderabad,WP Saha,28
Sunrisers Hyderabad,A Mishra,27
Sunrisers Hyderabad,TM Head,27
Sunrisers Hyderabad,Umran Malik,26
Sunrisers Hyderabad,Nithish Kumar Reddy,25
Sunrisers Hyderabad,KK Ahmed,24
Sunrisers Hyderabad,I Sharma,23
Sunrisers Hyderabad,GH Vihari,21
Sunrisers Hyderabad,YK Pathan,21
Sunrisers Hyderabad,Yuvraj Singh,21
Sunrisers Hyderabad,DJG Sammy,20
Sunrisers Hyderabad,Shakib Al Hasan,20
Sunrisers Hyderabad,A Ashish Reddy,19
Sunrisers Hyderabad,M Jansen,19
Sunrisers Hyderabad,JD Unadkat,18
Sunrisers Hyderabad,Washington Sundar,18
Sunrisers Hyderabad,M Markande,17
Sunrisers Hyderabad,Mohammad Nabi,17
Sunrisers Hyderabad,Mustafizur Rahman,17
Sunrisers Hyderabad,PK Garg,17
Sunrisers Hyderabad,Bipul Sharma,16
Sunrisers Hyderabad,JO Holder,16
Sunrisers Hyderabad,KL Rahul,16
Sunrisers Hyderabad,NLTC Perera,16
Sunrisers Hyderabad,Shahbaz Ahmed,16
Sunrisers Hyderabad,BB Sran,15
Sunrisers Hyderabad,EJG Morgan,15
Sunrisers Hyderabad,A Nehra,14
Sunrisers Hyderabad,MA Agarwal,14
Sunrisers Hyderabad,AJ Finch,13
Sunrisers Hyderabad,CL White,13
Sunrisers Hyderabad,HV Patel,13
Sunrisers Hyderabad,Ishan Kishan,13
Sunrisers Hyderabad,N Pooran,13
Sunrisers Hyderabad,PA Patel,13
Sunrisers Hyderabad,Aniket Verma,12
Sunrisers Hyderabad,P Kumar,12
Sunrisers Hyderabad,HC Brook,11
Sunrisers Hyderabad,S Nadeem,11
Sunrisers Hyderabad,IK Pathan,10
Sunrisers Hyderabad,Zeeshan Ansari,10
Sunrisers Hyderabad,KC Sangakkara,9
Sunrisers Hyderabad,Mohammed Shami,9
Sunrisers Hyderabad,RS Bopara,9
Sunrisers Hyderabad,BCJ Cutting,8
Sunrisers Hyderabad,Basil Thampi,8
Sunrisers Hyderabad,TA Boult,8
Sunrisers Hyderabad,BB Samantray,7
Sunrisers Hyderabad,E Malinga,7
Sunrisers Hyderabad,Fazalhaq Farooqi,7
Sunrisers Hyderabad,J Suchith,7
Sunrisers Hyderabad,PA Reddy,7
Sunrisers Hyderabad,Y Venugopal Rao,7
Sunrisers Hyderabad,AD Hales,6
Sunrisers Hyderabad,Anmolpreet Singh,6
Sunrisers Hyderabad,Mohammed Siraj,6
Sunrisers Hyderabad,Shashank Singh,6
Sunrisers Hyderabad,A Manohar,5
Sunrisers Hyderabad,GD Phillips,5
Sunrisers Hyderabad,JJ Roy,5
Sunrisers Hyderabad,KM Jadhav,5
Sunrisers Hyderabad,Kartik Tyagi,5
Sunrisers Hyderabad,PHKD Mendis,5
Sunrisers Hyderabad,Parvez Rasool,5
Sunrisers Hyderabad,SP Goswami,5
Sunrisers Hyderabad,Sanvir Singh,5
Sunrisers Hyderabad,B Stanlake,4
Sunrisers Hyderabad,CR Brathwaite,4
Sunrisers Hyderabad,Simarjeet Singh,4
Sunrisers Hyderabad,Harsh Dubey,3
Sunrisers Hyderabad,MJ Guptill,3
Sunrisers Hyderabad,Mayank Dagar,3
Sunrisers Hyderabad,Q de Kock,3
Sunrisers Hyderabad,R Shepherd,3
Sunrisers Hyderabad,V Viyaskanth,3
Sunrisers Hyderabad,A Zampa,2
Sunrisers Hyderabad,AP Tare,2
Sunrisers Hyderabad,AU Rashid,2
Sunrisers Hyderabad,Anand Rajan,2
Sunrisers Hyderabad,CJ Jordan,2
Sunrisers Hyderabad,DB Ravi Teja,2
Sunrisers Hyderabad,RK Bhui,2
Sunrisers Hyderabad,Virat Singh,2
Sunrisers Hyderabad,Vivrant Sharma,2
Sunrisers Hyderabad,AJ Hosein,1
Sunrisers Hyderabad,Ankit Sharma,1
Sunrisers Hyderabad,Atharva Taide,1
Sunrisers Hyderabad,MR Marsh,1
Sunrisers Hyderabad,Mujeeb Ur Rahman,1
Sunrisers Hyderabad,PWA Mulder,1
Sunrisers Hyderabad,RD Chahar,1
Sunrisers Hyderabad,S Anirudha,1
Sunrisers Hyderabad,S Gopal,1
Sunrisers Hyderabad,SA Abbott,1
Sunrisers Hyderabad,X Thalaivan Sargunam,1
